"Id","Menu","Nivel","Padre","Ruta","ClaimMenu","Claim","Estado","Actual","OrigenAngular","VistaSQL","ApiVieja","ModeloViejo","Regla","Accion"
"610","Calculo","1","7","/nom/calcnomina","Calculo_2050","OK","MIGRADO","FrontEnd\EG.Web\Pages\Modules\Nomina\Procesos\NominaProcesos.razor","CalcnominaComponent","","grp-extreme-api\src\modules\nom\calcnomina","grp-extreme\src\app\core\models\sis\formacalculo","Complejo: SP/vista readonly","Preparar SP o vista readonly"
"620","Auxiliares","1","7","/","Nomina_Auxiliares","OK","GRUPO","","","","","","Grupo menu",""
"621","Calculo ISSSTE","2","620","/aux/auxcalcissste","Calculo_ISSSTE_4134","OK","MIGRADO","FrontEnd\\EG.Web\\Pages\\Modules\\Nomina\\NominaOperaciones.razor","AuxCalcISSSTEComponent","","","","Complejo: SP/vista readonly","Migrado a visor operativo NOM.spOperacionNomina_List; proceso final queda por SP especifico cuando aplique"
"622","Calculo ISR","2","620","/aux/auxcalcisrquincenal","Calculo_ISR_2053","OK","MIGRADO","FrontEnd\\EG.Web\\Pages\\Modules\\Nomina\\NominaOperaciones.razor","AuxCalcISRQuincenalComponent","AUX_VW_AuxCalcISRQuincenal.sql","grp-extreme-api\src\modules\nhis\auxCalcISRQuincenal","grp-extreme\src\app\core\models\nhis\auxcalcisrquincenal","Complejo: SP/vista readonly","Migrado a visor operativo NOM.spOperacionNomina_List; proceso final queda por SP especifico cuando aplique"
"623","Calculo FOVISSSTE","2","620","/aux/auxcalcfovissste","Calculo_FOVISSSTE_4136","OK","MIGRADO","FrontEnd\\EG.Web\\Pages\\Modules\\Nomina\\NominaOperaciones.razor","AuxCalcFovisssteComponent","","","","Complejo: SP/vista readonly","Migrado a visor operativo NOM.spOperacionNomina_List; proceso final queda por SP especifico cuando aplique"
"624","Calculo Infonavit","2","620","/aux/auxcalcinfonavitquincenal","Calculo_Infonavit_139","OK","MIGRADO","FrontEnd\\EG.Web\\Pages\\Modules\\Nomina\\NominaOperaciones.razor","AuxCalcInfonavitQuincenalComponent","AUX_VW_AUXCalcInfonavitQuincenal.sql","","","Complejo: SP/vista readonly","Migrado a visor operativo NOM.spOperacionNomina_List; proceso final queda por SP especifico cuando aplique"
"625","Calculo Cuotas IMSS","2","620","/aux/auxcalcimssquincenal","Calculo_IMSS_3084","OK","MIGRADO","FrontEnd\\EG.Web\\Pages\\Modules\\Nomina\\NominaOperaciones.razor","AuxCalcIMSSQuincenalComponent","AUX_VW_AuxCalcIMSSQuincenal.sql","grp-extreme-api\src\modules\nhis\auxCalcIMSSQuincenal","grp-extreme\src\app\core\models\nhis\auxcalcimssquincenal","Complejo: SP/vista readonly","Migrado a visor operativo NOM.spOperacionNomina_List; proceso final queda por SP especifico cuando aplique"
"630","Productos","1","7","/","Nomina_Productos","OK","GRUPO","","","","","","Grupo menu",""
"631","Resumen","2","630","/nom/resumennomina","Resumen","OK","MIGRADO","FrontEnd\\EG.Web\\Pages\\Modules\\Nomina\\NominaOperaciones.razor","VW_ResumenNominaComponent","NHIS_VW_ResumenNomina.sql","grp-extreme-api\src\modules\nhis\vw_resumenNomina","","Complejo: SP/vista readonly","Migrado a visor operativo NOM.spOperacionNomina_List; proceso final queda por SP especifico cuando aplique"
"632","Recibos","2","630","/nom/recibonomina","Recibos","OK","MIGRADO","FrontEnd\\EG.Web\\Pages\\Modules\\Nomina\\NominaOperaciones.razor","","","","","Complejo: SP/vista readonly","Migrado a visor operativo NOM.spOperacionNomina_List; proceso final queda por SP especifico cuando aplique"
"633","Archivos de Dispersion","2","630","/nom/archivodispercion","Archivos_Dispersion","OK","MIGRADO","FrontEnd\\EG.Web\\Pages\\Modules\\Nomina\\NominaOperaciones.razor","","","","","Complejo: SP/vista readonly","Migrado a visor operativo NOM.spOperacionNomina_List; proceso final queda por SP especifico cuando aplique"
"634","Archivos de Timbrado","2","630","/nom/timbradopercepciones","Archivos_Timbrado","OK","MIGRADO","FrontEnd\\EG.Web\\Pages\\Modules\\Nomina\\NominaOperaciones.razor","VW_TimbradoPercepcionesComponent","NOM_VW_Timbrado_Percepciones.sql","grp-extreme-api\src\modules\nom\vw_timbradopercepciones","","Complejo: SP/vista readonly","Migrado a visor operativo NOM.spOperacionNomina_List; proceso final queda por SP especifico cuando aplique"
"635","Reporte Cuotas IMSS","2","630","/aux/imssquincenal_rep","Reporte_Cuotas_IMSS","OK","MIGRADO","FrontEnd\\EG.Web\\Pages\\Modules\\Nomina\\NominaOperaciones.razor","","","","","Complejo: SP/vista readonly","Migrado a visor operativo NOM.spOperacionNomina_List; proceso final queda por SP especifico cuando aplique"
"636","Reporte Nomina Actual","2","630","/nom/reportenomina","Reporte_Nomina","OK","MIGRADO","FrontEnd\\EG.Web\\Pages\\Modules\\Nomina\\NominaOperaciones.razor","VW_ReporteNominaComponent","NHIS_VW_ReporteNomina.sql","grp-extreme-api\src\modules\nhis\vw_reporteNomina","","Complejo: SP/vista readonly","Migrado a visor operativo NOM.spOperacionNomina_List; proceso final queda por SP especifico cuando aplique"
"640","Incidencias","1","7","/","Nomina_Incidencias","OK","GRUPO","","","","","","Grupo menu",""
"641","Captura de Incidencias","2","640","/rh/incidencia","Captura_Incidencias","OK","MIGRADO","FrontEnd\EG.Web\Pages\Modules\Nomina\Nomina\Incidencias\Incidencias.razor","IncidenciaComponent","","grp-extreme-api\src\modules\rh\incidencia","grp-extreme\src\app\core\models\rh\incidencia","FK: vista para lectura + entidad/SP para guardar","Preparar Vw* para joins/FK"
"642","Justificacion de Incidencias","2","640","/rh/justificacion","Justificacion_Incidencias","OK","MIGRADO","FrontEnd\EG.Web\Pages\Modules\Nomina\Nomina\Incidencias\JustificacionIncidencias.razor","JustificacionComponent","","grp-extreme-api\src\modules\sis\tipoJustificacion","grp-extreme\src\app\core\models\sis\tipojustificacion","FK: vista para lectura + entidad/SP para guardar","Preparar Vw* para joins/FK"
"643","Reporte de Incidencias","2","640","/rh/incidenciareport","Reporte_Incidencias","OK","MIGRADO","FrontEnd\EG.Web\Pages\Modules\Nomina\Nomina\Incidencias\ReporteIncidencias.razor","IncidenciaReportComponent","","","","Complejo: SP/vista readonly","Preparar SP o vista readonly"
"650","Pagos Extraordinarios","1","7","/nom/conceptovariable","Conceptos_Variables","OK","MIGRADO","FrontEnd\EG.Web\Pages\Modules\Nomina\Nomina\PagosExtraordinarios\ConceptosVariables.razor","ConceptoVariableComponent","","grp-extreme-api\src\modules\nom\conceptoVariable","grp-extreme\src\app\core\models\nom\conceptovariable","FK: vista para lectura + entidad/SP para guardar","Preparar Vw* para joins/FK"
"660","Cierre de Periodo","1","7","/nom/cierraperiodo","Cierre_Periodo","OK","MIGRADO","FrontEnd\EG.Web\Pages\Modules\Nomina\Procesos\NominaProcesos.razor","CierreperiodoComponent","","grp-extreme-api\src\modules\nom\cierraperiodo","grp-extreme\src\app\core\models\alma\cierraperiodo","Complejo: SP/vista readonly","Preparar SP o vista readonly"
"670","Finiquito/Liquidacion","1","7","/rh/liquidacion","Liquidacion","OK","MIGRADO","FrontEnd\\EG.Web\\Pages\\Modules\\Nomina\\NominaOperaciones.razor","LiquidacionComponent","","grp-extreme-api\src\modules\rh\liquidacion","grp-extreme\src\app\core\models\rh\liquidacion","Complejo: SP/vista readonly","Migrado a visor operativo NOM.spOperacionNomina_List; proceso final queda por SP especifico cuando aplique"
"680","Nominas Especiales","1","7","/","Nominas_Especiales","OK","GRUPO","","","","","","Grupo menu",""
"681","Calculo de Aguinaldo","2","680","/nom/calcaguinaldo","Calc_Aguinaldo","OK","MIGRADO","FrontEnd\EG.Web\Pages\Modules\Nomina\Procesos\NominaProcesos.razor","CalcAguinaldoComponent","","","","Complejo: SP/vista readonly","Preparar SP o vista readonly"
"682","Configura Aguinaldo","2","680","/sis/nominaespecial","Configura_Aguinaldo","OK","MIGRADO","FrontEnd\\EG.Web\\Pages\\Modules\\Nomina\\NominaOperaciones.razor","NominaEspecialComponent","NOM_VW_NominaEspecial.sql","grp-extreme-api\src\modules\sis\nominaespecial","","Complejo: SP/vista readonly","Migrado a visor operativo NOM.spOperacionNomina_List; proceso final queda por SP especifico cuando aplique"
"683","Aguinaldo","2","680","/sis/vwnominaespecial","Aguinaldo","OK","MIGRADO","FrontEnd\\EG.Web\\Pages\\Modules\\Nomina\\NominaOperaciones.razor","VW_NominaEspComponent","NOM_VW_NominaEspecial.sql","","","Complejo: SP/vista readonly","Migrado a visor operativo NOM.spOperacionNomina_List; proceso final queda por SP especifico cuando aplique"
"684","Faltas Especiales","2","680","/emp/faltasxempresa","Faltas_Especial","OK","MIGRADO","FrontEnd\\EG.Web\\Pages\\Modules\\Nomina\\NominaOperaciones.razor","FaltasXEmpresaComponent","","","","Simple: catalogo/entidad directa","Migrado a visor operativo NOM.spOperacionNomina_List; proceso final queda por SP especifico cuando aplique"
"700","Historicos de Nomina","0","7","/","Nomina_Historicos","OK","GRUPO","","","","","","Grupo menu",""
"710","Productos","1","700","/","Nomina_Productos_Historicos","OK","GRUPO","","","","","","Grupo menu",""
"711","Consulta de Nomina","2","710","/nomina/historicos/consulta","Consulta_Nomina","OK","MIGRADO","FrontEnd\\EG.Web\\Pages\\Modules\\Nomina\\NominaOperaciones.razor","","","","","Complejo: SP/vista readonly","Migrado a visor operativo NOM.spOperacionNomina_List; proceso final queda por SP especifico cuando aplique"
"712","Analisis","2","710","/nomina/historicos/analisis","Analisis","OK","MIGRADO","FrontEnd\\EG.Web\\Pages\\Modules\\Nomina\\NominaOperaciones.razor","","","","","Complejo: SP/vista readonly","Migrado a visor operativo NOM.spOperacionNomina_List; proceso final queda por SP especifico cuando aplique"
"713","Recibos","2","710","/nomina/historicos/recibos","Recibos_Historicos","OK","MIGRADO","FrontEnd\\EG.Web\\Pages\\Modules\\Nomina\\NominaOperaciones.razor","","","","","Complejo: SP/vista readonly","Migrado a visor operativo NOM.spOperacionNomina_List; proceso final queda por SP especifico cuando aplique"
"714","Archivos de Dispersion","2","710","/nomina/historicos/dispersion","Archivos_Dispersion_Historicos","OK","MIGRADO","FrontEnd\\EG.Web\\Pages\\Modules\\Nomina\\NominaOperaciones.razor","","","","","Complejo: SP/vista readonly","Migrado a visor operativo NOM.spOperacionNomina_List; proceso final queda por SP especifico cuando aplique"
"715","Archivos de Timbrado","2","710","/nomina/historicos/timbrado","Archivos_Timbrado_Historicos","OK","MIGRADO","FrontEnd\\EG.Web\\Pages\\Modules\\Nomina\\NominaOperaciones.razor","","NOM_VW_Timbrado_Deducciones.sql","grp-extreme-api\src\modules\nom\vw_timbradodeducciones","","Complejo: SP/vista readonly","Migrado a visor operativo NOM.spOperacionNomina_List; proceso final queda por SP especifico cuando aplique"
"716","Reporte Nomina Quincenal","2","710","/nomina/historicos/reportequincenal","Reporte_Nomina_Quincenal","OK","MIGRADO","FrontEnd\\EG.Web\\Pages\\Modules\\Nomina\\NominaOperaciones.razor","","","","","Complejo: SP/vista readonly","Migrado a visor operativo NOM.spOperacionNomina_List; proceso final queda por SP especifico cuando aplique"
"717","Resumen de Nomina Historica","2","710","/nomina/historicos/resumen","Resumen_Nomina_Historica","OK","MIGRADO","FrontEnd\\EG.Web\\Pages\\Modules\\Nomina\\NominaOperaciones.razor","","NHIS_VW_ResumenNomina.sql","grp-extreme-api\src\modules\nhis\vw_resumenNomina","","Complejo: SP/vista readonly","Migrado a visor operativo NOM.spOperacionNomina_List; proceso final queda por SP especifico cuando aplique"
"718","Reporte de Nomina Historica","2","710","/nomina/historicos/reportehistorico","Reporte_Nomina_Historica","OK","MIGRADO","FrontEnd\\EG.Web\\Pages\\Modules\\Nomina\\NominaOperaciones.razor","","","","","Complejo: SP/vista readonly","Migrado a visor operativo NOM.spOperacionNomina_List; proceso final queda por SP especifico cuando aplique"
"719","Cubo Nomina Historica","2","710","/nomina/historicos/cubo","Cubo_Nomina_Historica","OK","MIGRADO","FrontEnd\\EG.Web\\Pages\\Modules\\Nomina\\NominaOperaciones.razor","","","","","Complejo: SP/vista readonly","Migrado a visor operativo NOM.spOperacionNomina_List; proceso final queda por SP especifico cuando aplique"
"720","Reportes del IMSS","1","700","/","Reportes_IMSS_Historicos","OK","GRUPO","","","","","","Grupo menu",""
"721","Salario Base de Cotizacion","2","720","/nomina/historicos/sbc","Salario_Base_Cotizacion","OK","MIGRADO","FrontEnd\\EG.Web\\Pages\\Modules\\Nomina\\NominaOperaciones.razor","","","","","Complejo: SP/vista readonly","Migrado a visor operativo NOM.spOperacionNomina_List; proceso final queda por SP especifico cuando aplique"
"722","Acumulados IMSS","2","720","/nomina/historicos/acumuladosimss","Acumulados_IMSS","OK","MIGRADO","FrontEnd\\EG.Web\\Pages\\Modules\\Nomina\\NominaOperaciones.razor","","","","","Complejo: SP/vista readonly","Migrado a visor operativo NOM.spOperacionNomina_List; proceso final queda por SP especifico cuando aplique"
"723","SBC Historico","2","720","/nomina/historicos/sbchistorico","SBC_Historico","OK","MIGRADO","FrontEnd\\EG.Web\\Pages\\Modules\\Nomina\\NominaOperaciones.razor","","","","","Complejo: SP/vista readonly","Migrado a visor operativo NOM.spOperacionNomina_List; proceso final queda por SP especifico cuando aplique"
"724","Acumulados en el Bimestre IMSS","2","720","/nomina/historicos/acumuladosbimestre","Acumulados_Bimestre_IMSS","OK","MIGRADO","FrontEnd\\EG.Web\\Pages\\Modules\\Nomina\\NominaOperaciones.razor","","","","","Complejo: SP/vista readonly","Migrado a visor operativo NOM.spOperacionNomina_List; proceso final queda por SP especifico cuando aplique"
"730","Reportes del SAT","1","700","/","Reportes_SAT_Historicos","OK","GRUPO","","","","","","Grupo menu",""
"731","Acumulado Mensual ISR","2","730","/nomina/historicos/isr_mensual","Acumulado_Mensual_ISR","OK","MIGRADO","FrontEnd\\EG.Web\\Pages\\Modules\\Nomina\\NominaOperaciones.razor","","AUX_VW_AuxCalcISRMensual.sql","grp-extreme-api\src\modules\sis\iSRMensual","grp-extreme\src\app\core\models\sis\isrmensual","Complejo: SP/vista readonly","Migrado a visor operativo NOM.spOperacionNomina_List; proceso final queda por SP especifico cuando aplique"
"732","Acumulados de ISR","2","730","/nomina/historicos/isr_acumulados","Acumulados_ISR","OK","MIGRADO","FrontEnd\\EG.Web\\Pages\\Modules\\Nomina\\NominaOperaciones.razor","","","","","Complejo: SP/vista readonly","Migrado a visor operativo NOM.spOperacionNomina_List; proceso final queda por SP especifico cuando aplique"
"740","Impuestos sobre Nomina locales","1","700","/nomina/historicos/impuestoslocales","Impuestos_Locales","OK","MIGRADO","FrontEnd\\EG.Web\\Pages\\Modules\\Nomina\\NominaOperaciones.razor","","","","","Complejo: SP/vista readonly","Migrado a visor operativo NOM.spOperacionNomina_List; proceso final queda por SP especifico cuando aplique"
"800","Configuracion Nominas","0","7","/","Configuracion_Nominas","OK","GRUPO","","","","","","Grupo menu",""
"810","Catalogos","1","800","/","Nomina_Catalogos","OK","GRUPO","","","","","","Grupo menu",""
"811","Tipo de Nomina","2","810","/nomina/configuracion/catalogos/tipo-nomina","Tipo_Nomina","OK","MIGRADO","FrontEnd\EG.Web\Pages\Modules\Nomina\Configuration\Catalogos\NomCatalogosSimples.razor","","","","","Simple: catalogo/entidad directa",""
"812","Cuotas IMSS","2","810","/nomina/configuracion/catalogos/cuotas-imss","Cuotas_IMSS","OK","MIGRADO","FrontEnd\EG.Web\Pages\Modules\Nomina\Configuration\Catalogos\NomCatalogosSimples.razor","","","grp-extreme-api\src\modules\sis\cuotasImss","grp-extreme\src\app\core\models\sis\cuotasimss","Simple: catalogo/entidad directa",""
"813","Conceptos de Nomina","2","810","/nomina/configuracion/catalogos/conceptos","Conceptos_Nomina","OK","MIGRADO","FrontEnd\EG.Web\Pages\Modules\Nomina\Configuration\Catalogos\NomConceptos.razor","","","","","FK: vista para lectura + entidad/SP para guardar","Preparar Vw* para joins/FK"
"814","UMA","2","810","/nomina/configuracion/catalogos/uma","UMA","OK","MIGRADO","FrontEnd\EG.Web\Pages\Modules\Nomina\Configuration\Catalogos\NomCatalogosSimples.razor","","","grp-extreme-api\src\modules\sis\uMA","grp-extreme\src\app\core\models\sis\uma","Simple: catalogo/entidad directa",""
"815","Tipo de Contratacion","2","810","/nomina/configuracion/catalogos/tipo-contratacion","Tipo_Contratacion","OK","MIGRADO","FrontEnd\EG.Web\Pages\Modules\Nomina\Configuration\Catalogos\NomTipoContrataciones.razor","","SIS.TipoContratacion","grp-extreme-api\src\modules\sis\tipoContratacion","grp-extreme\src\app\core\models\sis\tipocontratacion","Entidad directa SIS","Espejo NOM.CatalogoSimple conservado temporalmente por FKs operativas"
"816","Tipo de descanso","2","810","/nomina/configuracion/catalogos/tipo-descanso","Tipo_Descanso","OK","MIGRADO","FrontEnd\EG.Web\Pages\Modules\Nomina\Configuration\Catalogos\NomCatalogosSimples.razor","","","grp-extreme-api\src\modules\sis\tipoDescanso","grp-extreme\src\app\core\models\sis\tipodescanso","Simple: catalogo/entidad directa",""
"817","Tipo de Incidencia","2","810","/nomina/configuracion/catalogos/tipo-incidencia","Tipo_Incidencia","OK","MIGRADO","FrontEnd\EG.Web\Pages\Modules\Nomina\Configuration\Catalogos\NomTipoIncidencias.razor","","SIS.TipoIncidencia","grp-extreme-api\src\modules\sis\tipoIncidencia","grp-extreme\src\app\core\models\sis\tipoincidencia","Entidad directa SIS","Espejo NOM.CatalogoSimple conservado temporalmente por FKs operativas"
"818","Conceptos de importe Fijo","2","810","/nomina/configuracion/catalogos/concepto-fijo","Concepto_Fijo","OK","MIGRADO","FrontEnd\EG.Web\Pages\Modules\Nomina\Configuration\Catalogos\NomConceptoFijos.razor","","","grp-extreme-api\src\modules\nom\conceptoFijo","grp-extreme\src\app\core\models\nom\conceptofijo","FK: vista para lectura + entidad/SP para guardar","Preparar Vw* para joins/FK"
"819","Tipo de Justificacion","2","810","/nomina/configuracion/catalogos/tipo-justificacion","Tipo_Justificacion","OK","MIGRADO","FrontEnd\EG.Web\Pages\Modules\Nomina\Configuration\Catalogos\NomTipoJustificaciones.razor","","SIS.TipoJustificacion","grp-extreme-api\src\modules\sis\tipoJustificacion","grp-extreme\src\app\core\models\sis\tipojustificacion","Entidad directa SIS","Espejo NOM.CatalogoSimple conservado temporalmente por FKs operativas"
"820","Tabulador","2","810","/nomina/configuracion/catalogos/tabulador","Tabulador","OK","MIGRADO","FrontEnd\EG.Web\Pages\Modules\Nomina\Configuration\Catalogos\NomConceptoTabulars.razor","","","","","Simple: catalogo/entidad directa",""
"821","Unidad Infonavit","2","810","/nomina/configuracion/catalogos/unidad-infonavit","Unidad_Infonavit","OK","MIGRADO","FrontEnd\EG.Web\Pages\Modules\Nomina\Configuration\Catalogos\NomCatalogosSimples.razor","","","grp-extreme-api\src\modules\sis\unidadInfonavit","grp-extreme\src\app\core\models\sis\unidadinfonavit","Simple: catalogo/entidad directa",""
"822","Salario Minimo General","2","810","/nomina/configuracion/catalogos/smg","Salario_Minimo","OK","MIGRADO","FrontEnd\EG.Web\Pages\Modules\Nomina\Configuration\Catalogos\NomSalarioMinimos.razor","","","grp-extreme-api\src\modules\sis\sMG","grp-extreme\src\app\core\models\sis\smg","Simple: catalogo/entidad directa",""
"823","Forma de Pago","2","810","/nomina/configuracion/catalogos/forma-pago","Forma_Pago","OK","MIGRADO","FrontEnd\EG.Web\Pages\Modules\Nomina\Configuration\Catalogos\NomTipoPagos.razor","","","grp-extreme-api\src\modules\sis\formaPago","grp-extreme\src\app\core\models\sis\formapago","Simple: catalogo/entidad directa",""
"824","Forma de Calculo","2","810","/nomina/configuracion/catalogos/forma-calculo","Forma_Calculo","OK","MIGRADO","FrontEnd\EG.Web\Pages\Modules\Nomina\Configuration\Catalogos\NomCatalogosSimples.razor","","","grp-extreme-api\src\modules\sis\formaCalculo","grp-extreme\src\app\core\models\sis\formacalculo","Complejo: SP/vista readonly","Preparar SP o vista readonly"
"825","Capitulos","2","810","/nomina/configuracion/catalogos/capitulos","Capitulos","OK","MIGRADO","FrontEnd\EG.Web\Pages\Modules\Nomina\Configuration\Catalogos\NomCatalogosSimples.razor","","","","","Simple: catalogo/entidad directa",""
"830","Periodos","1","800","/","Nomina_Periodos","OK","GRUPO","","","","grp-extreme-api\src\modules\alma\periodos","grp-extreme\src\app\core\models\alma\periodos","Grupo menu",""
"831","Semanal","2","830","/nomina/configuracion/periodos/semanal","Periodo_Semanal","OK","MIGRADO","FrontEnd\EG.Web\Pages\Modules\Nomina\Configuration\Catalogos\NomPeriodoActivos.razor","","AUX_VW_AuxCalcIMSSSemanal.sql","grp-extreme-api\src\modules\sis\periodoSemanal","grp-extreme\src\app\core\models\sis\periodosemanal","FK: vista para lectura + entidad/SP para guardar","Preparar Vw* para joins/FK"
"832","Quincenal","2","830","/nomina/configuracion/periodos/quincenal","Periodo_Quincenal","OK","MIGRADO","FrontEnd\EG.Web\Pages\Modules\Nomina\Configuration\Catalogos\NomPeriodoActivos.razor","","AUX_VW_AuxCalcIMSSQuincenal.sql","grp-extreme-api\src\modules\sis\periodoQuincenal","grp-extreme\src\app\core\models\sis\periodoquincenal","FK: vista para lectura + entidad/SP para guardar","Preparar Vw* para joins/FK"
"833","Mensual","2","830","/nomina/configuracion/periodos/mensual","Periodo_Mensual","OK","MIGRADO","FrontEnd\EG.Web\Pages\Modules\Nomina\Configuration\Catalogos\NomPeriodoActivos.razor","","AUX_VW_AuxCalcIMSSMensual.sql","grp-extreme-api\src\modules\sis\periodoMensual","grp-extreme\src\app\core\models\sis\periodomensual","FK: vista para lectura + entidad/SP para guardar","Preparar Vw* para joins/FK"
"834","Bimestral","2","830","/nomina/configuracion/periodos/bimestral","Periodo_Bimestral","OK","MIGRADO","FrontEnd\EG.Web\Pages\Modules\Nomina\Configuration\Catalogos\NomPeriodoActivos.razor","","","grp-extreme-api\src\modules\sis\periodoBimestral","grp-extreme\src\app\core\models\sis\periodobimestral","FK: vista para lectura + entidad/SP para guardar","Preparar Vw* para joins/FK"
"840","Tablas ISR","1","800","/","Nomina_Tablas_ISR","OK","GRUPO","","","","","","Grupo menu",""
"841","Semanal","2","840","/nomina/configuracion/isr/semanal","Tabla_ISR_Semanal","OK","MIGRADO","FrontEnd\EG.Web\Pages\Modules\Nomina\Configuration\Catalogos\NomTablaFiscals.razor","","AUX_VW_AuxCalcIMSSSemanal.sql","grp-extreme-api\src\modules\his\nAuxCalcIMSSSemanal","grp-extreme\src\app\core\models\his\nauxcalcimsssemanal","FK: vista para lectura + entidad/SP para guardar","Migrado a CRUD NOM.TablaFiscal; vista especifica preparada segun regla FK/vista"
"842","Quincenal","2","840","/nomina/configuracion/isr/quincenal","Tabla_ISR_Quincenal","OK","MIGRADO","FrontEnd\EG.Web\Pages\Modules\Nomina\Configuration\Catalogos\NomTablaFiscals.razor","","AUX_VW_AuxCalcIMSSQuincenal.sql","grp-extreme-api\src\modules\his\nAuxCalcIMSSQuincenal","grp-extreme\src\app\core\models\his\nauxcalcimssquincenal","FK: vista para lectura + entidad/SP para guardar","Migrado a CRUD NOM.TablaFiscal; vista especifica preparada segun regla FK/vista"
"843","Mensual","2","840","/nomina/configuracion/isr/mensual","Tabla_ISR_Mensual","OK","MIGRADO","FrontEnd\EG.Web\Pages\Modules\Nomina\Configuration\Catalogos\NomTablaFiscals.razor","","AUX_VW_AuxCalcIMSSMensual.sql","grp-extreme-api\src\modules\conta\cierreMensual","grp-extreme\src\app\core\models\his\nauxcalcimssmensual","FK: vista para lectura + entidad/SP para guardar","Migrado a CRUD NOM.TablaFiscal; vista especifica preparada segun regla FK/vista"
"850","Prestaciones","1","800","/","Nomina_Prestaciones","OK","GRUPO","","","","","","Grupo menu",""
"860","Subsidios ISR","1","800","/","Nomina_Subsidios_ISR","OK","GRUPO","","","","","","Grupo menu",""
"861","Semanal","2","860","/nomina/configuracion/subsidios/semanal","Subsidio_ISR_Semanal","OK","MIGRADO","FrontEnd\EG.Web\Pages\Modules\Nomina\Configuration\Catalogos\NomTablaFiscals.razor","","AUX_VW_AuxCalcIMSSSemanal.sql","grp-extreme-api\src\modules\his\nAuxCalcIMSSSemanal","grp-extreme\src\app\core\models\his\nauxcalcimsssemanal","FK: vista para lectura + entidad/SP para guardar","Migrado a CRUD NOM.TablaFiscal; vista especifica preparada segun regla FK/vista"
"862","Quincenal","2","860","/nomina/configuracion/subsidios/quincenal","Subsidio_ISR_Quincenal","OK","MIGRADO","FrontEnd\EG.Web\Pages\Modules\Nomina\Configuration\Catalogos\NomTablaFiscals.razor","","AUX_VW_AuxCalcIMSSQuincenal.sql","grp-extreme-api\src\modules\his\nAuxCalcIMSSQuincenal","grp-extreme\src\app\core\models\his\nauxcalcimssquincenal","FK: vista para lectura + entidad/SP para guardar","Migrado a CRUD NOM.TablaFiscal; vista especifica preparada segun regla FK/vista"
"863","Mensual","2","860","/nomina/configuracion/subsidios/mensual","Subsidio_ISR_Mensual","OK","MIGRADO","FrontEnd\EG.Web\Pages\Modules\Nomina\Configuration\Catalogos\NomTablaFiscals.razor","","AUX_VW_AuxCalcIMSSMensual.sql","grp-extreme-api\src\modules\conta\cierreMensual","grp-extreme\src\app\core\models\his\nauxcalcimssmensual","FK: vista para lectura + entidad/SP para guardar","Migrado a CRUD NOM.TablaFiscal; vista especifica preparada segun regla FK/vista"
"870","Impuestos","1","800","/","Nomina_Impuestos","OK","GRUPO","","","","","","Grupo menu",""
"871","Base Gravable","2","870","/nomina/configuracion/impuestos/base-gravable","Base_Gravable","OK","MIGRADO","FrontEnd\EG.Web\Pages\Modules\Nomina\Configuration\Catalogos\NomTablaFiscals.razor","","","grp-extreme-api\src\modules\sis\baseGravable","grp-extreme\src\app\core\models\sis\basegravable","Simple: catalogo/entidad directa","Migrado a CRUD NOM.TablaFiscal; vista especifica preparada segun regla FK/vista"
"872","Impuestos Locales","2","870","/nomina/configuracion/impuestos/locales","Impuestos_Locales","OK","MIGRADO","FrontEnd\EG.Web\Pages\Modules\Nomina\Configuration\Catalogos\NomTablaFiscals.razor","","","","","Simple: catalogo/entidad directa","Migrado a CRUD NOM.TablaFiscal; vista especifica preparada segun regla FK/vista"
"880","IMSS","1","800","/","Nomina_IMSS","OK","GRUPO","","","","","","Grupo menu",""
"881","Prestaciones Minimas de Ley","2","880","/nomina/configuracion/imss/prestaciones","Prestaciones_Minimas","OK","MIGRADO","FrontEnd\EG.Web\Pages\Modules\Nomina\Configuration\Catalogos\NomFactorInts.razor","","","","","Simple: catalogo/entidad directa","Migrado a CRUD NOM.FactorInt; vista NOM.Vw_PrestacionesMinimas preparada"
"882","Clase IMSS","2","880","/nomina/configuracion/imss/clase","Clase_IMSS","OK","MIGRADO","FrontEnd\EG.Web\Pages\Modules\Nomina\Configuration\Catalogos\NomTablaFiscals.razor","","","grp-extreme-api\src\modules\rh\claseMovto","grp-extreme\src\app\core\models\rh\clasemovto","Simple: catalogo/entidad directa","Migrado a CRUD NOM.TablaFiscal; vista especifica preparada segun regla FK/vista"
"883","Fraccion IMSS","2","880","/nomina/configuracion/imss/fraccion","Fraccion_IMSS","OK","MIGRADO","FrontEnd\EG.Web\Pages\Modules\Nomina\Configuration\Catalogos\NomTablaFiscals.razor","","","grp-extreme-api\src\modules\orco\fraccion","grp-extreme\src\app\core\models\orco\fraccion","Simple: catalogo/entidad directa","Migrado a CRUD NOM.TablaFiscal; vista especifica preparada segun regla FK/vista"
"884","Base Gravable IMSS","2","880","/nomina/configuracion/imss/base-gravable","Base_Gravable_IMSS","OK","MIGRADO","FrontEnd\EG.Web\Pages\Modules\Nomina\Configuration\Catalogos\NomTablaFiscals.razor","","","grp-extreme-api\src\modules\sis\baseGravable","grp-extreme\src\app\core\models\sis\basegravable","Simple: catalogo/entidad directa","Migrado a CRUD NOM.TablaFiscal; vista especifica preparada segun regla FK/vista"
"900","Configuracion RH","0","7","/rh/configuracion","Configuracion_RH","OK","MIGRADO","FrontEnd\\EG.Web\\Pages\\Modules\\Nomina\\NominaOperaciones.razor","","","","","Simple: catalogo/entidad directa","Migrado a visor operativo NOM.spOperacionNomina_List; proceso final queda por SP especifico cuando aplique"
"901","Plazas Autorizadas","1","900","/rh/configuracion/plazas","Plazas_Autorizadas","OK","MIGRADO","FrontEnd\EG.Web\Pages\Modules\Nomina\Configuration\Catalogos\NomPlazasAutorizadas.razor","","","","","FK: vista para lectura + entidad/SP para guardar","Preparar Vw* para joins/FK"
"902","Universo","1","900","/rh/configuracion/universo","Universo","OK","MIGRADO","FrontEnd\EG.Web\Pages\Modules\Nomina\Configuration\Catalogos\NomUniversos.razor","","","grp-extreme-api\src\modules\rh\universo","grp-extreme\src\app\core\models\rh\universo","Simple: catalogo/entidad directa",""
"903","Nivel","1","900","/rh/configuracion/nivel","Nivel","OK","MIGRADO","FrontEnd\EG.Web\Pages\Modules\Nomina\Configuration\Catalogos\NomNiveles.razor","","","grp-extreme-api\src\modules\rh\nivel","grp-extreme\src\app\core\models\rh\nivel","Simple: catalogo/entidad directa",""
"904","Sexo","1","900","/rh/configuracion/sexo","Sexo","OK","MIGRADO","FrontEnd\EG.Web\Pages\Modules\Nomina\Configuration\Catalogos\NomCatalogosSimples.razor","","","grp-extreme-api\src\modules\sis\sexo","grp-extreme\src\app\core\models\sis\sexo","Simple: catalogo/entidad directa",""
"905","Estado Civil","1","900","/rh/configuracion/estado-civil","Estado_Civil","OK","MIGRADO","FrontEnd\EG.Web\Pages\Modules\Nomina\Configuration\Catalogos\NomEstadosCiviles.razor","","","grp-extreme-api\src\modules\sis\estadoCivil","grp-extreme\src\app\core\models\sis\estadocivil","Simple: catalogo/entidad directa",""
"906","Escolaridad","1","900","/rh/configuracion/escolaridad","Escolaridad","OK","MIGRADO","FrontEnd\EG.Web\Pages\Modules\Nomina\Configuration\Catalogos\NomEscolaridades.razor","BD_GRP_INVEA.dbo.SIS_Escolaridad","SIS.Escolaridad","grp-extreme-api\src\modules\sis\escolaridad","grp-extreme\src\app\core\models\sis\escolaridad","Entidad directa SIS","Migrado a CRUD propio NomEscolaridad"
"907","Tipo de Parentesco","1","900","/rh/configuracion/parentesco","Tipo_Parentesco","OK","MIGRADO","FrontEnd\EG.Web\Pages\Modules\Nomina\Configuration\Catalogos\NomParentescos.razor","","SIS.Parentesco","grp-extreme-api\src\modules\sis\parentesco","grp-extreme\src\app\core\models\sis\parentesco","Entidad directa SIS","Espejo NOM.CatalogoSimple conservado temporalmente por FKs operativas"
"908","Estado","1","900","/rh/configuracion/estado","Estado","OK","MIGRADO","FrontEnd\EG.Web\Pages\Modules\Nomina\Configuration\Catalogos\NomCatalogosSimples.razor","","","grp-extreme-api\src\modules\sis\estado","grp-extreme\src\app\core\models\sis\estado","Simple: catalogo/entidad directa",""
"909","Banco","1","900","/rh/configuracion/banco","Banco","OK","MIGRADO","FrontEnd\EG.Web\Pages\Modules\Nomina\Configuration\Catalogos\NomCatalogosSimples.razor","","","grp-extreme-api\src\modules\sis\banco","grp-extreme\src\app\core\models\sis\banco","Simple: catalogo/entidad directa",""
"910","Municipio","1","900","/rh/configuracion/municipio","Municipio","OK","MIGRADO","FrontEnd\EG.Web\Pages\Modules\Nomina\Configuration\Catalogos\NomCatalogosSimples.razor","","","grp-extreme-api\src\modules\sis\municipio","grp-extreme\src\app\core\models\sis\municipio","Simple: catalogo/entidad directa",""
"911","Contratos","1","900","/rh/configuracion/contratos","Contratos","OK","MIGRADO","FrontEnd\EG.Web\Pages\Modules\Nomina\Configuration\Catalogos\NomContratosLaborales.razor","","RH_VW_Contratos_Todos.sql","grp-extreme-api\src\modules\orco\contratos","grp-extreme\src\app\core\models\orco\contratos","FK: vista para lectura + entidad/SP para guardar","Preparar Vw* para joins/FK"
"912","Base Pago","2","911","/rh/configuracion/contratos/base-pago","Base_Pago","OK","MIGRADO","FrontEnd\EG.Web\Pages\Modules\Nomina\Configuration\Catalogos\NomCatalogosSimples.razor","","","grp-extreme-api\src\modules\sis\basePago","grp-extreme\src\app\core\models\sis\basepago","FK: vista para lectura + entidad/SP para guardar","Preparar Vw* para joins/FK"
"913","Metodo de Pago","2","911","/rh/configuracion/contratos/metodo-pago","Metodo_Pago","OK","MIGRADO","FrontEnd\EG.Web\Pages\Modules\Nomina\Configuration\Catalogos\NomMedodoPagos.razor","SIS.MedodoPago","","","","Entidad directa sin vista ni SP","Migrar dbo.SIS_MedodoPago a SIS.MedodoPago"
"914","Tipo de Regimen","2","911","/rh/configuracion/contratos/tipo-regimen","Tipo_Regimen","OK","MIGRADO","FrontEnd\EG.Web\Pages\Modules\Nomina\Configuration\Catalogos\NomCatalogosSimples.razor","","","grp-extreme-api\src\modules\sis\tipoRegimen","grp-extreme\src\app\core\models\sis\tiporegimen","FK: vista para lectura + entidad/SP para guardar","Preparar Vw* para joins/FK"
"915","Base de Cotizacion","2","911","/rh/configuracion/contratos/base-cotizacion","Base_Cotizacion","OK","MIGRADO","FrontEnd\EG.Web\Pages\Modules\Nomina\Configuration\Catalogos\NomCatalogosSimples.razor","","","grp-extreme-api\src\modules\sis\baseCotizacion","grp-extreme\src\app\core\models\sis\basecotizacion","FK: vista para lectura + entidad/SP para guardar","Preparar Vw* para joins/FK"
"916","Zona Geografica","2","911","/rh/configuracion/contratos/zona-geografica","Zona_Geografica","OK","MIGRADO","FrontEnd\EG.Web\Pages\Modules\Nomina\Configuration\Catalogos\NomCatalogosSimples.razor","","","grp-extreme-api\src\modules\sis\zonaGeografica","grp-extreme\src\app\core\models\sis\zonageografica","FK: vista para lectura + entidad/SP para guardar","Preparar Vw* para joins/FK"
"917","Dia de la Semana","2","911","/rh/configuracion/contratos/dia-semana","Dia_Semana","OK","MIGRADO","FrontEnd\EG.Web\Pages\Modules\Nomina\Configuration\Catalogos\NomDiaSemanas.razor","SIS.DiaSemana","","grp-extreme-api\src\modules\sis\diaSemana","grp-extreme\src\app\core\models\sis\diasemana","Entidad directa sin vista ni SP","Migrar dbo.SIS_DiaSemana a SIS.DiaSemana"
"918","Tipo de Sangre","1","900","/rh/configuracion/tipo-sangre","Tipo_Sangre","OK","MIGRADO","FrontEnd\EG.Web\Pages\Modules\Nomina\Configuration\Catalogos\NomCatalogosSimples.razor","","","grp-extreme-api\src\modules\sis\tipoSangre","grp-extreme\src\app\core\models\sis\tiposangre","Simple: catalogo/entidad directa",""
"919","Profesion","1","900","/rh/configuracion/profesion","Profesion","OK","MIGRADO","FrontEnd\EG.Web\Pages\Modules\Nomina\Configuration\Catalogos\NomCatalogosSimples.razor","","","grp-extreme-api\src\modules\sis\profesion","","Simple: catalogo/entidad directa",""
"920","Regimen Fiscal","1","900","/rh/configuracion/regimen-fiscal","Regimen_Fiscal","OK","MIGRADO","FrontEnd\EG.Web\Pages\Modules\Nomina\Configuration\Catalogos\NomCatalogosSimples.razor","","","grp-extreme-api\src\modules\sis\regimenFiscal","","Simple: catalogo/entidad directa",""
"921","Pais","1","900","/rh/configuracion/pais","Pais","OK","MIGRADO","FrontEnd\EG.Web\Pages\Modules\Nomina\Configuration\Catalogos\NomCatalogosSimples.razor","","","grp-extreme-api\src\modules\sis\pais","grp-extreme\src\app\core\models\sis\pais","Simple: catalogo/entidad directa",""
"922","Periodo de Pago","1","900","/rh/configuracion/periodo-pago","Periodo_Pago","OK","MIGRADO","FrontEnd\EG.Web\Pages\Modules\Nomina\Configuration\Catalogos\NomCatalogosSimples.razor","","","grp-extreme-api\src\modules\sis\periodoPago","grp-extreme\src\app\core\models\sis\periodopago","FK: vista para lectura + entidad/SP para guardar","Preparar Vw* para joins/FK"
"923","Tipo Documento RH","1","900","/rh/configuracion/tipo-documento","Tipo_Documento_RH","OK","MIGRADO","FrontEnd\EG.Web\Pages\Modules\Nomina\Configuration\Catalogos\NomCatalogosSimples.razor","","","grp-extreme-api\src\modules\orco\tipoDocumento","grp-extreme\src\app\core\models\orco\tipodocumento","Simple: catalogo/entidad directa",""
"924","Tipo Expediente","1","900","/rh/configuracion/tipo-expediente","Tipo_Expediente","OK","MIGRADO","FrontEnd\EG.Web\Pages\Modules\Nomina\Configuration\Catalogos\NomCatalogosSimples.razor","","","grp-extreme-api\src\modules\sis\tipoExpediente","grp-extreme\src\app\core\models\sis\tipoexpediente","Simple: catalogo/entidad directa",""
"925","Opcion Jubilacion","1","900","/rh/configuracion/opcion-jubilacion","Opcion_Jubilacion","OK","MIGRADO","FrontEnd\EG.Web\Pages\Modules\Nomina\Configuration\Catalogos\NomCatalogosSimples.razor","","","grp-extreme-api\src\modules\rh\opcionJubilacion","grp-extreme\src\app\core\models\rh\opcionjubilacion","Simple: catalogo/entidad directa",""
"926","Situacion Persona","1","900","/rh/configuracion/situacion-persona","Situacion_Persona","OK","MIGRADO","FrontEnd\EG.Web\Pages\Modules\Nomina\Configuration\Catalogos\NomCatalogosSimples.razor","","","grp-extreme-api\src\modules\rh\situacionPersona","grp-extreme\src\app\core\models\rh\situacionpersona","FK: vista para lectura + entidad/SP para guardar","Preparar Vw* para joins/FK"
"927","Situacion Plaza","1","900","/rh/configuracion/situacion-plaza","Situacion_Plaza","OK","MIGRADO","FrontEnd\EG.Web\Pages\Modules\Nomina\Configuration\Catalogos\NomCatalogosSimples.razor","","","grp-extreme-api\src\modules\rh\situacionPlaza","grp-extreme\src\app\core\models\rh\situacionplaza","FK: vista para lectura + entidad/SP para guardar","Preparar Vw* para joins/FK"
"928","Situacion Movimiento","1","900","/rh/configuracion/situacion-movimiento","Situacion_Movimiento","OK","MIGRADO","FrontEnd\EG.Web\Pages\Modules\Nomina\Configuration\Catalogos\NomCatalogosSimples.razor","","","grp-extreme-api\src\modules\rh\situacionMovimiento","grp-extreme\src\app\core\models\rh\situacionmovimiento","FK: vista para lectura + entidad/SP para guardar","Preparar Vw* para joins/FK"
"929","Clase Movimiento","1","900","/rh/configuracion/clase-movimiento","Clase_Movimiento","OK","MIGRADO","FrontEnd\EG.Web\Pages\Modules\Nomina\Configuration\Catalogos\NomCatalogosSimples.razor","","","","","FK: vista para lectura + entidad/SP para guardar","Preparar Vw* para joins/FK"
"930","Movimiento RH","1","900","/rh/configuracion/movimiento","Movimiento_RH","OK","MIGRADO","FrontEnd\EG.Web\Pages\Modules\Nomina\Configuration\Catalogos\NomCatalogosSimples.razor","","RH_VW_MovimientosXQuincena.sql","grp-extreme-api\src\modules\rh\movimiento","grp-extreme\src\app\core\models\rh\movimiento","FK: vista para lectura + entidad/SP para guardar","Preparar Vw* para joins/FK"
